Street Name,Category
Coyote Ridge,Arrowbrooke
Morning Ridge Trail ,Arrowbrooke
Adobe Vista,Arrowbrooke
Antepope view ,Arrowbrooke
Mission Street ,Arrowbrooke
Mill Street ,Arrowbrooke
Sumner Street ,Arrowbrooke
Starlight Avenue,Arrowbrooke
Saddle Ridge Drive,Arrowbrooke
Arrowwood Drive ,Arrowbrooke
Stoneleigh Place ,Arrowbrooke
Pleasant  Knoll Trail ,Arrowbrooke
Rosebush Road   ,Arrowbrooke
Dusty Ridge Road ,Arrowbrooke
Arrowbrooke Avenue ,Arrowbrooke
Clyde Park,Arrowbrooke
Heritage Way ,Arrowbrooke
Camp Street ,Arrowbrooke
Byran Road,Arrowbrooke
Settlement Way ,Arrowbrooke
Broken Arrow Drive ,Arrowbrooke
Meadow Trail lane ,Arrowbrooke
Council Drive ,Arrowbrooke
Ridge Creek Lane ,Arrowbrooke
Arrow Head Lane,Arrowbrooke
Ranch Trail Road ,Arrowbrooke
Alton Way ,Arrowbrooke
Drover Creek Road,Arrowbrooke
Outpost Creek Lane ,Arrowbrooke
Steppe Trail Drive ,Arrowbrooke
Campground Way ,Arrowbrooke
Lakeside Drive ,Arrowbrooke
Prairie Trail Avenue,Arrowbrooke
Marshall Trail Road ,Arrowbrooke
Stallion Trail Way ,Arrowbrooke
Upland Trail Lane ,Arrowbrooke
Bison Trail ,Arrowbrooke
White Water Way ,Arrowbrooke
Berry Ridge Trail ,Arrowbrooke
Gold mine Trail ,Arrowbrooke
Evening View ,Arrowbrooke
Grande View ,Arrowbrooke
Coyote Ridge,Arrowbrooke
Byran Road,Arrowbrooke
Arrow Brooke Avenue,Arrowbrooke
Morning Ridge Trail ,Arrowbrooke
Dusty Ridge Road ,Arrowbrooke
Rosebush Road   ,Arrowbrooke
Pleasant Knoll Trail,Arrowbrooke
White Water Way ,Arrowbrooke
Stoneleigh Place ,Arrowbrooke
Bison Trail ,Arrowbrooke
Bunker Hill Drive,Arrowbrooke
Clyde Park,Arrowbrooke
Arrowwood Drive ,Arrowbrooke
Lakeside Drive ,Arrowbrooke
Starlight Avenue,Arrowbrooke
Saddle Ridge Drive,Arrowbrooke
Sumner Street ,Arrowbrooke
Mill Place,Arrowbrooke
Aurora Lane,Arrowbrooke
Mission Street ,Arrowbrooke
Camp Street ,Arrowbrooke
Lakeside Drive ,Arrowbrooke
Upland Trail Lane ,Arrowbrooke
Stallion Trail Way ,Arrowbrooke
Trailside Drive,Arrowbrooke
Alton Way ,Arrowbrooke
Ranch Trail Road ,Arrowbrooke
Broken Arrow Drive,Arrowbrooke
Prairie Trail Avenue,Arrowbrooke
Drover Creek Road,Arrowbrooke
Outpost Creek Lane ,Arrowbrooke
Steppe Trail Drive ,Arrowbrooke
Campground Way,Arrowbrooke
Marshall Trail Road ,Arrowbrooke
Byran Road,Arrowbrooke
Gold mine Trail ,Arrowbrooke
Evening View ,Arrowbrooke
Grande View ,Arrowbrooke
Berry Ridge Trail ,Arrowbrooke
Pleasant Knoll Trail,Arrowbrooke
Tomahawk Trail,Arrowbrooke
Windflower Drive ,Sandbrock
Gainesway Lane ,Sandbrock
Lantana Avenue ,Sandbrock
Bluestem Drive ,Sandbrock
Hanoverian Lane ,Sandbrock
Sandbrock drive ,Sandbrock
Sandbrock parkway ,Sandbrock
Scout Lane ,Sandbrock
Cedar Berry Drive ,Sandbrock
Brock Lake ,Sandbrock
Aubrey Parkway ,Sandbrock
Fox Trotter Drive,Sandbrock
Bridle Path Parkway ,Sandbrock
Silver Spur Court ,Sandbrock
Hawthorn Drive ,Sandbrock
Claiborne Drive,Sandbrock
Palomino Road ,Sandbrock
Albert Court,Sandbrock
Morgan Lane ,Sandbrock
Verbena Street,Sandbrock
Walker Way ,Sandbrock
Bridle Path Drive ,Sandbrock
Purple Sage Drive ,Sandbrock
Red Bud Drive,Sandbrock
Primrose Drive,Sandbrock
Appaloosa Drive,Sandbrock
Rosin Street ,Sandbrock
Big Prairie Drive ,Sandbrock
Sheltand Road ,Sandbrock
Sunflower Drive ,Sandbrock
Yucca Lane ,Sandbrock
Eclipse Road ,Sandbrock
Percheron Road ,Sandbrock
Ranger Road ,Sandbrock
Canter Road,Sandbrock
Sampson Lane ,Sandbrock
Boxwood Row Drive,Sandbrock
Horizon Lane ,Sandbrock
Shire Drive ,Sandbrock
Wisteria Way ,Sandbrock
Friesian Lane ,Sandbrock
Tulip Lane ,Sandbrock
Lilac Drive ,Sandbrock
Periwinkle Drive ,Sandbrock
Juniper Drive ,Sandbrock
Buck Avenue,Sandbrock
Gelding Drive ,Sandbrock
Rosemary Court ,Sandbrock
Hunter Street ,Sandbrock
Oak leaf Court ,Sandbrock
Biggs Avenue,Sandbrock
Copper Bay Court ,Sandbrock
Desert Willow Court ,Sandbrock
Palmetto Avenue ,Sandbrock
Hackamore Lane ,Sandbrock
Coronet Avenue ,Sandbrock
Sweet Grass Drive ,Sandbrock
Dusty Miller Road ,Sandbrock
Adair ,Winn Ridge
Arlo Way ,Winn Ridge
Arthur Avenue ,Winn Ridge
Beau Place ,Winn Ridge
Biggs Avenue ,Winn Ridge
Brisco Way ,Winn Ridge
Brock,Winn Ridge
Buck Avenue ,Winn Ridge
Burnett,Winn Ridge
Byran,Winn Ridge
Cord Place ,Winn Ridge
Fillmore Avenue ,Winn Ridge
Arlo,Winn Ridge
Jasper Road ,Winn Ridge
Ryder,Winn Ridge
Tobias,Winn Ridge
Trace Drive ,Winn Ridge
Tule,Winn Ridge
Vernon Drive ,Winn Ridge
Waggoner Drive ,Winn Ridge
Walker,Winn Ridge
Ward,Winn Ridge
Warren ,Winn Ridge
Wayne,Winn Ridge
Webb Avenue ,Winn Ridge
Wesley,Winn Ridge
West,Winn Ridge
Weston,Winn Ridge
Wheeler,Winn Ridge
Winn Ridge Boulevard ,Winn Ridge
Millican,Winn Ridge
Colt,Winn Ridge
Brisco,Winn Ridge
Boone,Winn Ridge
Buut,Winn Ridge
Gallup Way,Winn Ridge
Sawyer,Winn Ridge
Glover,Winn Ridge
Aslynn,Winn Ridge
Gideon Way ,Winn Ridge
Cash Place,Winn Ridge
Butch,Winn Ridge
Windflower Drive,Winn Ridge
Dartmoor Drive,Winn Ridge
Gainesway Lane,Winn Ridge
Lanatana Avenue,Winn Ridge
Sandbrock Drive,Winn Ridge
Buttercup Avenue,Winn Ridge
Bluestem Drive,Winn Ridge
Scout Lane,Winn Ridge
Hawthorn Drive,Winn Ridge
Alder Court,Winn Ridge
Claiborne Drive,Winn Ridge
Sandbrock Parkway,Winn Ridge
Palomino Road,Winn Ridge
Silver Spur Court,Winn Ridge
Bridle Path Parkway,Winn Ridge
Fox Trotter Drive,Winn Ridge
Morgan Lane,Winn Ridge
Verbena Street,Winn Ridge
Purple Sage Drive,Winn Ridge
Walker Way,Winn Ridge
Appaloosa Drive,Winn Ridge
Redbud Drive,Winn Ridge
Primrose Drive,Winn Ridge
Percheron Road,Winn Ridge
Eclipse Road,Winn Ridge
Shetland Road,Winn Ridge
Rosin Street,Winn Ridge
Big Prairie Drive,Winn Ridge
Canter Court,Winn Ridge
Aubrey Parkway,Winn Ridge
Ranger Road,Winn Ridge
Hanoverian Lane,Winn Ridge
Samson Lane,Winn Ridge
Horizon Lane,Winn Ridge
Sampson Lane,Winn Ridge
Boxwood Row Drive,Winn Ridge
Cedar Berry Drive,Winn Ridge
Independence lane,Del Webb
Patriot Court,Del Webb
Heritage Drive,Del Webb
Parade Drive,Del Webb
Freedom Lane,Del Webb
Spirit Lane,Del Webb
Memorial Drive,Del Webb
Old Glory Drive,Del Webb
Anthem Lane,Del Webb
Firework Drive,Del Webb
Rampart Drive,Del Webb
Revolution Drive,Del Webb
Eagle Lane,Del Webb
Bright Stars Drive,Del Webb
Monument Drive,Del Webb